<assembly xmlns="http://maven.apache.org/plugins/maven-assembly-plugin/assembly/1.1.2" 
          xmlns:xsi="http://www.w3.org/2001/XMLSchema-instance"
          xsi:schemaLocation="http://maven.apache.org/plugins/maven-assembly-plugin/assembly/1.1.2 http://maven.apache.org/xsd/assembly-1.1.2.xsd">
    <id>bin</id>
    <formats>
        <format>zip</format>
    </formats>
    <fileSets>
        <fileSet>
            <directory>../examples/zip-release</directory>
            <outputDirectory></outputDirectory>
        </fileSet>       
    </fileSets>    
    <files>
        <file>
            <source>target/karate-${project.version}.jar</source>
            <outputDirectory></outputDirectory>
            <destName>karate.jar</destName>
        </file>
        <file>
            <source>src/test/resources/gitignore.txt</source>
            <outputDirectory></outputDirectory>
            <destName>.gitignore</destName>            
        </file>
    </files>  
</assembly>
